{"0":[32.793631,35.039853],"1":[32.08624,34.811309],"2":[32.573041,34.953923],"3":[32.147084,34.894677],"4":[32.16176,34.808758],"5":[31.046051,34.851612],"6":[32.506565,35.49082],"7":[32.801177,35.013368],"8":[31.922485,34.799891],"9":[32.435467,34.911006],"10":[32.836071,35.055056],"11":[32.434046,34.919652],"12":[31.152068,35.364771],"13":[32.053805,34.812335],"14":[31.614847,34.778645],"15":[32.067074,34.792972],"16":[31.522694,34.595581],"17":[32.082696,34.802023],"18":[31.884933,34.815651],"19":[32.610493,35.287922],"20":[31.815358,34.915664],"21":[30.611372,34.807731],"22":[32.109717,34.792082],"23":[32.98856,35.443832],"24":[30.663782,35.236678],"25":[31.668789,34.574252],"26":[32.680564,35.57773],"27":[33.217414,35.57141],"28":[31.423132,34.594647],"29":[32.440881,34.883543],"30":[31.330981,34.650025],"31":[32.955231,35.164462],"32":[31.244458,34.806163],"33":[32.273773,34.854452],"34":[32.914943,35.080795],"35":[31.06565,35.014512],"36":[32.702474,35.167292],"37":[32.848666,35.523152],"38":[31.931459,34.775739],"39":[32.133133,34.834183],"40":[31.815005,34.772466],"41":[32.810211,34.974901],"42":[32.969019,35.542859],"43":[33.027194,35.256304],"44":[31.807585,35.080922],"45":[31.757691,35.198316],"46":[33.017672,35.092349],"47":[32.00048,34.820808],"48":[32.79166,35.536485],"49":[32.042905,34.757222],"50":[32.030281,34.795807],"51":[32.018065,34.770637],"52":[33.019886,35.103711],"53":[32.830088,35.057075],"54":[31.261255,35.215218],"55":[32.693481,35.047018],"56":[32.647148,35.349682],"57":[32.79329,35.001583],"58":[32.038043,34.830138],"59":[31.758474,35.215042],"60":[32.829814,34.976355],"61":[32.763699,35.326782],"62":[32.855251,35.185914],"63":[31.244458,34.806163],"64":[32.763699,35.326782],"65":[32.596004,34.927259],"66":[31.841943,35.24041],"67":[31.308022,34.901803],"68":[31.983102,34.812374],"69":[29.561159,34.936033],"70":[31.751254,35.23633],"71":[32.71044,35.143833],"72":[32.711539,35.324812],"73":[32.690201,35.312239],"74":[30.872313,34.467412],"75":[32.050688,34.902318],"76":[32.98494,35.708038],"77":[32.167384,34.852686],"78":[31.014795,34.785286],"79":[31.646241,35.132098],"80":[31.990373,34.765721],"81":[31.073315,34.839606],"82":[31.417257,35.377171],"83":[31.046051,34.851612],"84":[32.19238,34.874534],"85":[32.793631,35.039853],"86":[32.81398,35.064407],"87":[32.02221,34.797584],"88":[31.622518,34.577431],"89":[32.786679,35.032416],"90":[31.756283,35.160619],"91":[32.793631,35.039853],"92":[31.259859,34.809372],"93":[33.014802,35.27681],"94":[32.174965,34.890855],"95":[31.61288,34.895568],"96":[32.016174,35.039006],"97":[32.850365,35.665245],"98":[32.890465,35.511572],"99":[31.326893,34.939165],"100":[32.600335,35.003837],"101":[31.767083,35.20463],"102":[31.783031,35.211219],"103":[31.933519,34.825635],"104":[31.793627,35.187817],"105":[32.191304,34.844897],"106":[31.73438,34.724449],"107":[31.879131,35.305902],"108":[32.572808,35.19184],"109":[31.892561,34.789112],"110":[31.559029,35.473189],"111":[32.010124,34.807938],"112":[32.605454,35.299618],"113":[32.631815,35.349347],"114":[32.507101,35.44552],"115":[32.108431,34.887489],"116":[31.832423,34.679363],"117":[32.220833,34.828333],"118":[32.223679,34.981288],"119":[33.062526,35.219162],"120":[32.419305,35.035289],"121":[32.08839,34.854992],"122":[31.976326,34.809613],"123":[31.887917,34.780602],"124":[32.975466,35.506479],"125":[31.859279,34.819261],"126":[32.252745,34.872378],"127":[31.708967,35.032143],"128":[32.907866,35.085329],"129":[33.072609,35.145945],"130":[32.963558,35.298069],"131":[32.919558,35.091929],"132":[32.652111,35.115397],"133":[32.788187,35.534389],"134":[32.298176,34.844454],"135":[32.722007,35.244822],"136":[31.99156,34.775198],"137":[32.117392,34.968918],"138":[32.235226,34.951808],"139":[32.322558,34.878892],"140":[31.849076,34.839379],"141":[30.465,35.177222],"142":[31.814177,34.649332],"143":[32.525068,35.480855],"144":[31.750189,35.214185],"145":[31.73438,34.724449],"146":[31.73438,34.724449],"147":[31.648125,34.597146],"148":[32.66656,35.24174],"149":[31.929826,34.889151],"150":[32.707109,35.174145],"151":[31.556985,34.646547],"152":[31.863243,35.172733],"153":[31.657,34.586763],"154":[30.849428,34.784242],"155":[31.892561,34.789112],"156":[32.094627,34.861755],"157":[32.148167,34.953323],"158":[32.367516,35.032996],"159":[31.809015,34.655506],"160":[32.101078,34.896669],"161":[31.252102,34.786769],"162":[31.919707,34.888359],"163":[32.7145,35.336306],"164":[32.27774,34.860912],"165":[32.090165,34.946501],"166":[32.290241,34.863239],"167":[32.821342,35.195795],"168":[31.920108,34.873492],"169":[31.518459,34.580544],"170":[32.980382,35.543548],"171":[32.195237,34.883401],"172":[32.809144,35.119773],"173":[32.154889,34.919694],"174":[31.735794,34.75585],"175":[32.497478,35.063123],"176":[32.690301,35.196472],"177":[32.98814,35.265305],"178":[32.905865,35.328991],"179":[32.925048,35.297519],"180":[32.483943,35.095851],"181":[32.16506,34.82394],"182":[32.720737,35.059087],"183":[32.285458,34.981094],"184":[31.954403,34.861529],"185":[32.095648,34.825254],"186":[31.796685,34.82037],"187":[32.439858,35.486063],"188":[32.261795,34.901791],"189":[32.261795,34.901791],"190":[31.758437,34.678194],"191":[31.652527,34.764374],"192":[29.570242,34.960266],"193":[32.990304,35.5641],"194":[31.219306,34.803144],"195":[31.790197,35.141738],"196":[32.778465,35.499932],"197":[32.094155,34.855504],"198":[32.031572,34.892571],"199":[32.404742,34.896622],"200":[31.761179,34.980732],"201":[32.461433,34.936012],"202":[33.028689,35.109232],"203":[32.790199,35.042712],"204":[31.804381,34.655314],"205":[32.107242,34.955551],"206":[31.912512,35.017096],"207":[31.920906,34.971388],"208":[31.242234,34.79719],"209":[31.307594,34.629807],"210":[31.222711,34.809416],"211":[32.018065,34.770637],"212":[32.762127,34.97298],"213":[31.253083,34.758469],"214":[31.073315,34.839606],"215":[31.804381,34.655314],"216":[32.806583,35.736575],"217":[32.805438,35.054944],"218":[33.269096,35.772122],"219":[32.095198,34.812911],"220":[32.046283,34.843534],"221":[32.933324,35.271291],"222":[32.43821,34.911987],"223":[32.697551,35.293141],"224":[32.84084,35.091646],"225":[32.465037,34.993807],"226":[32.925048,35.297519],"227":[32.807717,35.008072],"228":[32.611973,35.287531],"229":[32.926284,35.079212],"230":[32.468155,34.89746],"231":[32.561645,35.391304],"232":[33.016326,35.094317],"233":[32.61777,35.277056],"234":[32.677811,35.24175],"235":[32.79166,35.536485],"236":[32.741532,35.076826],"237":[32.8244,34.990772],"238":[32.891218,35.098414],"239":[32.85391,35.078848],"240":[32.575176,34.948364],"241":[32.515522,34.973561],"242":[32.790962,35.026009],"243":[32.758186,35.232582],"244":[32.68717,35.25815],"245":[32.964648,35.495997],"246":[32.631316,35.333407],"247":[32.794046,34.989571],"248":[32.699416,35.296089],"249":[32.765303,35.377877],"250":[33.20809,35.569962],"251":[32.680664,35.2736],"252":[32.806128,35.004954],"253":[32.495816,35.504694],"254":[32.522186,35.157386],"255":[32.812546,34.997894],"256":[32.790122,35.003942],"257":[32.610493,35.287922],"258":[33.269096,35.772122],"259":[32.775394,35.041967],"260":[32.847347,35.165397],"261":[32.794046,34.989571],"262":[32.853487,35.169162],"263":[32.711785,34.94845],"264":[33.027194,35.256304],"265":[33.209499,35.570177],"266":[32.698352,35.301819],"267":[32.843018,35.08991],"268":[31.893763,34.811682],"269":[32.173312,34.893389],"270":[32.059325,34.824571],"271":[32.321458,34.853196],"272":[31.659233,34.603458],"273":[32.328095,34.859034],"274":[31.58843,34.56389],"275":[31.625889,34.75761],"276":[32.317636,34.93302],"277":[32.064021,34.781173],"278":[32.162413,34.844675],"279":[31.864892,34.816623],"280":[32.261047,34.998905],"281":[32.002289,34.746819],"282":[31.806452,34.765745],"283":[32.064309,34.787017],"284":[32.020585,34.860874],"285":[31.963441,34.899609],"286":[32.079427,34.795303],"287":[32.058524,34.765068],"288":[31.965461,34.80268],"289":[32.066489,34.785546],"290":[32.05192,34.767651],"291":[32.007251,34.8077],