{"0":[32.7936306,35.0398529],"1":[32.08624,34.8113093],"2":[32.5730406,34.9539234],"3":[32.147084,34.8946766],"4":[32.1617598,34.8087579],"5":[31.046051,34.851612],"6":[32.5065646,35.4908199],"7":[32.8011772,35.0133683],"8":[31.9224852,34.7998911],"9":[32.4354672,34.9110061],"10":[32.836071,35.055056],"11":[32.4340458,34.9196518],"12":[31.152068,35.364771],"13":[32.0538048,34.812335],"14":[31.6148468,34.7786453],"15":[32.0670738,34.7929721],"16":[31.522694,34.595581],"17":[32.082696,34.802023],"18":[31.8849335,34.8156506],"19":[32.610493,35.287922],"20":[31.8153575,34.9156645],"21":[30.6113717,34.8077308],"22":[32.1097168,34.7920825],"23":[32.98856,35.443832],"24":[30.6637822,35.2366776],"25":[31.6687885,34.5742523],"26":[32.680564,35.57773],"27":[33.2174137,35.5714101],"28":[31.423132,34.5946466],"29":[32.440881,34.883543],"30":[31.330981,34.650025],"31":[32.495816,35.504694],"32":[31.2444584,34.8061631],"33":[32.2737726,34.8544523],"34":[32.9149434,35.0807948],"35":[31.0656498,35.0145121],"36":[32.7024738,35.167292],"37":[32.848666,35.523152],"38":[31.9314587,34.7757386],"39":[32.1331329,34.8341827],"40":[31.8150052,34.7724662],"41":[32.810211,34.9749011],"42":[32.9690188,35.5428591],"43":[33.027194,35.256304],"44":[31.807585,35.080922],"45":[31.7576911,35.1983165],"46":[33.0176723,35.092349],"47":[32.00048,34.8208085],"48":[32.7916599,35.5364851],"49":[32.0429047,34.7572225],"50":[32.030281,34.7958068],"51":[32.0180655,34.7706369],"52":[33.0198857,35.103711],"53":[32.8300883,35.0570753],"54":[31.2612547,35.2152179],"55":[32.6934814,35.0470183],"56":[32.647148,35.349682],"57":[32.7932898,35.0015832],"58":[32.0380434,34.8301381],"59":[31.7584743,35.2150421],"60":[32.8298138,34.9763553],"61":[32.7636989,35.3267818],"62":[32.8552512,35.1859141],"63":[31.2444584,34.8061631],"64":[32.7636989,35.3267818],"65":[32.5960038,34.9272591],"66":[31.8419434,35.2404099],"67":[31.3080225,34.9018025],"68":[31.9831019,34.8123738],"69":[29.561159,34.936033],"70":[31.751254,35.23633],"71":[32.71044,35.143833],"72":[32.711539,35.324812],"73":[32.6902013,35.3122388],"74":[30.872313,34.467412],"75":[32.0506884,34.9023182],"76":[32.98494,35.708038],"77":[32.1673845,34.8526861],"78":[31.014795,34.785286],"79":[31.646241,35.1320985],"80":[31.9903729,34.7657208],"81":[31.0733155,34.8396061],"82":[31.417257,35.3771708],"83":[31.046051,34.851612],"84":[32.1923797,34.8745337],"85":[32.7936306,35.0398529],"86":[32.8139801,35.0644073],"87":[32.0222104,34.7975835],"88":[31.622518,34.577431],"89":[32.7866792,35.0324156],"90":[31.7562835,35.160619],"91":[32.7936306,35.0398529],"92":[31.2598587,34.809372],"93":[33.0148018,35.2768101],"94":[32.1749651,34.8908547],"95":[31.61288,34.895568],"96":[32.016174,35.039006],"97":[32.850365,35.665245],"98":[32.890465,35.511572],"99":[31.3268932,34.9391647],"100":[32.600335,35.003837],"101":[31.7670834,35.2046298],"102":[31.7830313,35.2112192],"103":[31.9335195,34.8256348],"104":[31.7936271,35.187817],"105":[32.1913041,34.8448968],"106":[31.7343796,34.7244494],"107":[31.879131,35.305902],"108":[32.572808,35.1918405],"109":[31.8925606,34.789112],"110":[31.5590287,35.4731895],"111":[32.0101242,34.8079375],"112":[32.6054535,35.2996178],"113":[32.6318153,35.3493467],"114":[32.507101,35.44552],"115":[32.108431,34.887489],"116":[31.832423,34.679363],"117":[32.2208333,34.8283333],"118":[32.223679,34.981288],"119":[33.062526,35.219162],"120":[32.419305,35.035289],"121":[32.0883903,34.8549919],"122":[31.9763259,34.8096128],"123":[31.887917,34.7806019],"124":[32.975466,35.506479],"125":[31.8592786,34.8192608],"126":[32.252745,34.872378],"127":[31.7089668,35.0321428],"128":[32.9078657,35.0853288],"129":[33.072609,35.145945],"130":[32.963558,35.298069],"131":[32.919558,35.091929],"132":[32.6521111,35.1153972],"133":[32.7881868,35.5343891],"134":[32.2981756,34.8444542],"135":[32.722007,35.244822],"136":[31.802496,35.18767],"137":[32.1173916,34.968918],"138":[32.2352263,34.9518076],"139":[32.322558,34.878892],"140":[31.849076,34.839379],"141":[30.465,35.1772222],"142":[31.8141767,34.6493325],"143":[32.525068,35.480855],"144":[31.7501891,35.2141854],"145":[31.7343796,34.7244494],"146":[31.7343796,34.7244494],"147":[31.648125,34.597146],"148":[32.66656,35.24174],"149":[31.929826,34.889151],"150":[32.7071087,35.1741454],"151":[31.556985,34.646547],"152":[31.863243,35.172733],"153":[31.657,34.586763],"154":[30.8494279,34.7842418],"155":[31.8925606,34.789112],"156":[32.094627,34.8617552],"157":[32.148167,34.953323],"158":[32.3675163,35.0329957],"159":[31.809015,34.655506],"160":[32.101078,34.896669],"161":[31.2521018,34.7867691],"162":[31.919707,34.888359],"163":[32.7006387,35.3204173],"164":[32.27774,34.860912],"165":[32.090165,34.946501],"166":[32.2902412,34.8632392],"167":[32.8213416,35.195795],"168":[31.418545,34.597115],"169":[31.518459,34.580544],"170":[32.980382,35.543548],"171":[32.1952372,34.8834013],"172":[32.809144,35.119773],"173":[32.154889,34.919694],"174":[31.7357944,34.7558496],"175":[32.4974775,35.063123],"176":[32.6903009,35.1964717],"177":[32.98814,35.265305],"178":[32.905865,35.328991],"179":[32.925048,35.2975186],"180":[32.4839432,35.0958507],"181":[32.1650603,34.8239397],"182":[32.720737,35.059087],"183":[32.2854576,34.9810942],"184":[31.954403,34.861529],"185":[32.762428,35.343494],"186":[31.796685,34.82037],"187":[32.4398583,35.4860633],"188":[32.261795,34.901791],"189":[32.261795,34.901791],"190":[31.758437,34.678194],"191":[31.652527,34.764374],"192":[29.5702424,34.9602658],"193":[32.990304,35.5640997],"194":[31.219306,34.803144],"195":[31.7901965,35.1417376],"196":[32.778465,35.499932],"197":[32.0941548,34.8555036],"198":[32.0315718,34.8925712],"199":[32.404742,34.8966218],"200":[31.7611789,34.9807319],"201":[32.4614326,34.9360123],"202":[33.028689,35.109232],"203":[32.7901994,35.0427116],"204":[31.804381,34.655314],"205":[32.1072425,34.9555511],"206":[31.9125125,35.0170955],"207":[31.9209062,34.9713877],"208":[31.2422335,34.7971905],"209":[31.307594,34.629807],"210":[31.2227106,34.8094155],"211":[32.0180655,34.7706369],"212":[32.762127,34.97298],"213":[31.2530828,34.7584694],"214":[31.0733155,34.8396061],"215":[31.804381,34.655314],"216":[32.806583,35.736575],"217":[32.8054383,35.0549437],"218":[33.2690961,35.772122],"219":[32.095198,34.8129106],"220":[32.0462827,34.8435342],"221":[32.9333241,35.2712907],"222":[32.43821,34.911987],"223":[32.697551,35.293141],"224":[32.8408396,35.0916456],"225":[32.4650369,34.9938071],"226":[32.925048,35.2975186],"227":[32.807717,35.0080722],"228":[32.611973,35.287531],"229":[32.9262836,35.0792119],"230":[32.4681549,34.8974598],"231":[32.5616446,35.3913041],"232":[33.016326,35.0943172],"233":[32.6177704,35.2770561],"234":[32.6778114,35.2417497],"235":[32.7916599,35.5364851],"236":[32.741532,35.076826],"237":[32.8244004,34.9907725],"238":[32.891218,35.098414],"239":[32.8539104,35.0788479],"240":[32.575176,34.948364],"241":[32.5155219,34.9735611],"242":[32.7909617,35.0260094],"243":[32.7581857,35.2325818],"244":[32.6871698,35.2581501],"245":[32.964648,35.495997],"246":[32.6313157,35.3334073],"247":[32.7940463,34.989571],"248":[32.6994161,35.2960886],"249":[32.7653032,35.3778771],"250":[33.20809,35.5699622],"251":[32.6806639,35.2735999],"252":[32.8061279,35.0049536],"253":[32.495816,35.504694],"254":[32.522186,35.157386],"255":[32.812546,34.997894],"256":[32.790122,35.0039418],"257":[32.610493,35.287922],"258":[33.2690961,35.772122],"259":[32.7753941,35.0419674],"260":[32.847347,35.1653973],"261":[32.7940463,34.989571],"262":[32.8534873,35.1691617],"263":[32.7117845,34.9484501],"264":[33.027194,35.256304],"265":[33.209499,35.570177],"266":[32.6983525,35.301819],"267":[32.8430185,35.0899103],"268":[31.8937628,34.8116822],"269":[32.1733121,34.8933885],"270":[32.0593252,34.8245712],"271":[32.321458,34.853196],"272":[31.659233,34.603458],"273":[32.3280951,34.8590336],"274":[31.5884295,34.5638895],"275":[31.625889,34.7576105],"276":[32.3176357,34.9330201],"277":[32.0640214,34.7811732],