{"0":[32.8271369,35.0311643],"1":[31.2484126,34.8084971],"2":[32.5723063,34.95311],"3":[32.1566234,34.8959537],"4":[32.168062,34.8111865],"5":[31.7627132,35.2169773],"6":[32.4967519,35.4973022],"7":[32.7830176,35.0322204],"8":[31.9224698,34.8001557],"9":[32.440742,34.9401053],"10":[32.8058125,34.9874347],"11":[32.4458473,34.9104854],"12":[31.1529016,35.365301],"13":[32.0536781,34.8125393],"14":[31.6093998,34.7711983],"15":[32.071335,34.79456],"16":[31.516709,34.6633761],"17":[32.8209166,35.19133],"18":[31.8987904,34.8102958],"19":[32.6219785,35.2895312],"20":[31.830965,34.9559212],"21":[30.612433,34.8018727],"22":[32.083482,34.795008],"23":[32.988504,35.4438439],"24":[30.6605356,35.2309577],"25":[31.673851,34.5752428],"26":[32.681369,35.5783318],"27":[33.2139519,35.5922368],"28":[31.4252356,34.6008637],"29":[32.4193162,34.8911706],"30":[31.3375674,34.6539005],"31":[32.950691,35.163525],"32":[31.2373825,34.7927521],"33":[32.2588329,34.8375207],"34":[32.9177463,35.0803094],"35":[31.0708586,35.0412455],"36":[32.706919,35.172572],"37":[32.848148,35.522777],"38":[31.9337581,34.7740084],"39":[32.1305336,34.8396846],"40":[31.8162703,34.7769787],"41":[32.8191218,34.9983856],"42":[32.9816323,35.5746807],"43":[33.0251457,35.2341615],"44":[31.8422518,34.9689726],"45":[31.7705536,35.2312356],"46":[33.006306,35.0945579],"47":[32.0041846,34.8185213],"48":[32.7938522,35.5328566],"49":[32.031351,34.751313],"50":[32.0302048,34.795777],"51":[32.03291,34.774955],"52":[33.037739,35.105588],"53":[32.817907,35.077964],"54":[31.2586598,35.2112194],"55":[32.6954423,35.0512976],"56":[32.645805,35.350395],"57":[32.8191218,34.9983856],"58":[32.0403649,34.822876],"59":[31.7884543,35.2187712],"60":[32.8191218,34.9983856],"61":[35.4136085,32.7768943],"62":[32.633028,35.401886],"63":[31.2443786,34.8060756],"64":[35.4126965,32.7772461],"65":[32.5878912,34.9298712],"66":[31.842212,35.24206],"67":[31.3049245,34.8984769],"68":[31.983559,34.811238],"69":[29.5616995,34.9381797],"70":[31.7496635,35.2337721],"71":[32.70921,35.142188],"72":[32.1003172,34.828653],"73":[32.1003172,34.828653],"74":[31.3243818,34.9407683],"75":[32.0470353,34.8993144],"76":[33.0003697,35.7130001],"77":[32.1669687,34.8444907],"78":[31.015471,34.786144],"79":[35.1315806,31.646217],"80":[31.9774135,34.7621807],"81":[31.5889427,34.7582297],"82":[32.4984403,35.4929608],"83":[31.802886,35.2526186],"84":[32.1885631,34.8517833],"85":[32.8054318,35.0037419],"86":[32.8109732,35.0681402],"87":[32.0195417,34.8006805],"88":[31.6221558,34.5771198],"89":[32.7887218,35.0344054],"90":[31.7569148,35.1599279],"91":[32.8191218,34.9983856],"92":[31.8094499,34.659227],"93":[32.9148268,35.1215931],"94":[32.1748351,34.8909395],"95":[31.5979099,34.8976497],"96":[31.9424747,34.8755207],"97":[32.8498005,35.6667474],"98":[32.8913179,35.5107113],"99":[31.3270854,34.9384389],"100":[32.5994386,35.0029516],"101":[31.771888,35.2033867],"102":[31.8260249,35.2606499],"103":[31.9354535,34.8336173],"104":[31.797315,35.1846995],"105":[32.1912016,34.844804],"106":[31.8026404,34.752375],"107":[35.2599407,31.8727791],"108":[32.5728653,35.1918956],"109":[31.8194955,34.6947144],"110":[31.7488173,35.2208124],"111":[32.0011922,34.8027143],"112":[32.6075587,35.2890861],"113":[32.8592185,35.3020142],"114":[32.5027374,35.4567497],"115":[32.1011769,34.8490336],"116":[31.8282225,34.6710013],"117":[32.2169192,34.8248191],"118":[32.1420486,34.960396],"119":[33.063229,35.2211282],"120":[32.4404285,35.0476791],"121":[32.0877639,34.8859985],"122":[31.9825042,34.7651699],"123":[31.8884807,34.7818905],"124":[32.971653,35.5048661],"125":[31.8653849,34.8292166],"126":[32.2560031,34.8693388],"127":[31.8422518,34.9689726],"128":[32.849698,35.181289],"129":[33.077117,35.141356],"130":[33.0222014,35.3289422],"131":[32.9201675,35.0929328],"132":[32.6490754,35.0947275],"133":[32.7938522,35.5328566],"134":[32.299719,34.844844],"135":[32.719953,35.220946],"136":[31.9635712,34.8101149],"137":[32.1147143,34.9755998],"138":[32.2346856,34.9544553],"139":[32.3229567,34.8702992],"140":[31.8422092,34.8560446],"141":[30.9897527,35.310249],"142":[31.8081515,34.6466986],"143":[32.520365,35.484074],"144":[31.7496686,35.2164127],"145":[31.727701,34.7296466],"146":[31.727701,34.7296466],"147":[31.6873424,34.6364148],"148":[32.6814854,35.2336619],"149":[31.9326179,34.8913998],"150":[32.7024925,35.1652427],"151":[31.5597901,34.6491564],"152":[31.8260249,35.2606499],"153":[31.6550635,34.5846418],"154":[30.87981,34.79208],"155":[31.8911305,34.7859122],"156":[32.0931689,34.8605363],"157":[32.152285,34.9536543],"158":[32.367783,35.035458],"159":[31.8100933,34.655651],"160":[32.1059795,34.8934142],"161":[31.2457442,34.7925181],"162":[31.9279988,34.8623473],"163":[32.7025436,35.3217462],"164":[32.2522112,34.8514866],"165":[32.108532,34.962838],"166":[32.299719,34.844844],"167":[32.8221688,35.1907006],"168":[31.9226739,34.877658],"169":[31.5193144,34.5807617],"170":[32.9807261,35.5552644],"171":[32.1903233,34.8583749],"172":[32.804572,35.1047933],"173":[31.8194955,34.6947144],"174":[31.7248496,34.7592815],"175":[32.4951216,35.0266468],"176":[32.6900631,35.1968485],"177":[32.9836711,35.2519112],"178":[32.9159104,35.293429],"179":[32.9250009,35.2833397],"180":[32.4922049,35.081287],"181":[32.1637066,34.8266306],"182":[32.6922393,35.0482785],"183":[31.7705612,35.2146424],"184":[31.9443532,34.8398648],"185":[32.0781989,34.8418147],"186":[31.7978401,34.8216119],"187":[32.5350964,35.5182977],"188":[32.2876519,34.9363978],"189":[32.2876519,34.9363978],"190":[31.761951,34.667509],"191":[31.6565157,34.7766986],"192":[29.5569348,34.9497949],"193":[32.9810078,35.5560099],"194":[31.2292156,34.8203946],"195":[31.7900695,35.1412124],"196":[32.7938522,35.5328566],"197":[32.0930889,34.8542907],"198":[32.0279641,34.8839251],"199":[32.4028579,34.8969711],"200":[31.8422518,34.9689726],"201":[32.440742,34.9401053],"202":[32.3277816,34.8890307],"203":[32.7877205,35.0416021],"204":[31.7977314,34.6529922],"205":[32.1147143,34.9755998],"206":[31.9204939,35.0076054],"207":[31.9234442,34.9665688],"208":[32.0949204,34.886267],"209":[31.317679,34.626814],"210":[31.2457442,34.7925181],"211":[32.0061307,34.8064828],"212":[32.7613834,34.9715506],"213":[31.2556896,34.7577656],"214":[31.1344594,34.7917406],"215":[31.7781412,35.2245574],"216":[32.9883629,35.6770787],"217":[32.8094005,35.0544169],"218":[33.2539499,35.7596122],"219":[32.096951,34.8181326],"220":[32.0516319,34.838384],"221":[32.933314,35.273731],"222":[32.4385947,34.9106167],"223":[32.7066301,35.3048161],"224":[32.804572,35.1047933],"225":[32.46727,34.990408],"226":[32.9225098,35.3028715],"227":[32.8055669,35.0100827],"228":[32.6099256,35.2872062],"229":[32.9281903,35.0830583],"230":[31.741096,35.2355385],"231":[32.5623291,35.3931287],"232":[33.0049493,35.0988288],"233":[32.6075587,35.2890861],"234":[32.6814854,35.2336619],"235":[32.7877032,35.5425925],"236":[35.0908319,32.7623141],"237":[32.8321002,34.974851],"238":[31.741096,35.2355385],"239":[32.8508104,35.0747678],"240":[32.5705592,34.9317662],"241":[32.5167198,35.0035515],"242":[32.783713,35.031659],"243":[32.1180726,34.8385721],"244":[35.292504,32.6912978],"245":[32.9646301,35.502451],"246":[32.6334607,35.3247177],"247":[32.8166793,34.9579895],"248":[32.7066301,35.3048161],"249":[35.3940039,32.7735817],"250":[33.2074733,35.5707828],"251":[32.7066301,35.3048161],"252":[32.8054318,35.0037419],"253":[35.4846318,32.4463034],"254":[32.5349169,35.1715528],"255":[32.8127577,34.9997976],"256":[32.7951616,34.9980548],"257":[32.4542476,34.9538771],"258":[31.7901905,35.1986203],"259":[32.784485,35.031358],"260":[32.8685838,35.2111948],"261":[32.7669966,34.9955339],"262":[32.851448,35.182988],"263":[32.6927638,34.9402221],"264":[33.0251457,35.2341615],"265":[33.0457418,35.57342],"266":[31.7808994,35.0514469],"267":[32.8434794,35.0910522],"268":[34.8788593,31.9239925],"269":[32.1533127,34.8946822],"270":[32.0595773,34.8251131],"271":[34.8672099,32.3214672],"272":[31.6635645,34.5878503],"273":[32.328144,34.858863],